﻿<?xml version="1.0" encoding="utf-8"?>

<VisualPlus-Theme>
    <Information>
        <Name>Enigma</Name>
        <Author>DarkByte7</Author>
    </Information>
    <StyleTable>
        <Shared>
            <Border>
                <Normal>#FFB4B4B4</Normal>
                <Hover>#D71AA6</Hover>
            </Border>
            <ColumnHeader>
                <Header>#FFF3F3F3</Header>
                <Text>#FF000000</Text>
            </ColumnHeader>
            <Control>
                <Enabled>#F1F4F9</Enabled>
                <Disabled>#DCDCDC</Disabled>
            </Control>
            <Element>
                <Disabled>#FFF3F3F3</Disabled>
                <Enabled>#FF777776</Enabled>
            </Element>
            <Text>
                <Disabled>#838181</Disabled>
                <Enabled>#000000</Enabled>
                <Hover>#000000</Hover>
                <Pressed>#000000</Pressed>
                <Selected>#D9DCE3</Selected>
                <Subscript>#BC1708</Subscript>
                <Superscript>#0924BC</Superscript>
                <TextLight>#FF808080</TextLight>
            </Text>
            <ListItem>
                <Normal>#FFDCDCDC</Normal>
                <Hover>#FF78B7E6</Hover>
                <Selected>#FF78B7E6</Selected>
                <Alternate>#FFC40D</Alternate>
            </ListItem>
            <Hatch>
                <BackColor>#FF000000</BackColor>
                <ForeColor>#FF000000</ForeColor>
            </Hatch>
            <ProgressBar>
                <Background>#FFE0DEDC</Background>
                <Working>#2D882D</Working>
                <Disabled>#FF838181</Disabled>
            </ProgressBar>
            <TabPage>
                <Enabled>#FF373D49</Enabled>
                <Disabled>#FF373D49</Disabled>
                <Selected>#FF464C58</Selected>
                <Hover>#FF232426</Hover>
            </TabPage>
            <Watermark>
                <Active>#FF808080</Active>
                <Inactive>#FFD3D3D3</Inactive>
            </Watermark>
        </Shared>
        <Toolkit>
            <VisualButton>
                <Enabled>#C0C0C0</Enabled>
                <Disabled>#FFE0E0E0</Disabled>
                <Hover>#EEEDED</Hover>
                <Pressed>#FFC0C0C0</Pressed>
            </VisualButton>
            <VisualComboBox>
                <Enabled>#E2E2E2</Enabled>
                <Disabled>#F3F3F3</Disabled>
            </VisualComboBox>
            <VisualControlBox>
                <HelpButton>
                    <BackColorState>
                        <Disabled>#00FFFFFF</Disabled>
                        <Enabled>#00FFFFFF</Enabled>
                        <Hover>#FFBEBABA</Hover>
                        <Pressed>#FF696969</Pressed>
                    </BackColorState>
                    <ForeColorState>
                        <Disabled>#FF696969</Disabled>
                        <Enabled>#FF808080</Enabled>
                        <Hover>#FF808080</Hover>
                        <Pressed>#FF808080</Pressed>
                    </ForeColorState>
                </HelpButton>
                <MinimizeButton>
                    <BackColorState>
                        <Disabled>#00FFFFFF</Disabled>
                        <Enabled>#00FFFFFF</Enabled>
                        <Hover>#FFBEBABA</Hover>
                        <Pressed>#FF696969</Pressed>
                    </BackColorState>
                    <ForeColorState>
                        <Disabled>#FF696969</Disabled>
                        <Enabled>#FF808080</Enabled>
                        <Hover>#FF808080</Hover>
                        <Pressed>#FF808080</Pressed>
                    </ForeColorState>
                </MinimizeButton>
                <MaximizeButton>
                    <BackColorState>
                        <Disabled>#00FFFFFF</Disabled>
                        <Enabled>#00FFFFFF</Enabled>
                        <Hover>#FFBEBABA</Hover>
                        <Pressed>#FF696969</Pressed>
                    </BackColorState>
                    <ForeColorState>
                        <Disabled>#FF696969</Disabled>
                        <Enabled>#FF808080</Enabled>
                        <Hover>#FF808080</Hover>
                        <Pressed>#FF808080</Pressed>
                    </ForeColorState>
                </MaximizeButton>
                <CloseButton>
                    <BackColorState>
                        <Disabled>#00FFFFFF</Disabled>
                        <Enabled>#00FFFFFF</Enabled>
                        <Hover>#FFE81123</Hover>
                        <Pressed>#FFF1707A</Pressed>
                    </BackColorState>
                    <ForeColorState>
                        <Disabled>#FF696969</Disabled>
                        <Enabled>#FF696969</Enabled>
                        <Hover>#FFFFFFFF</Hover>
                        <Pressed>#FFFFFFFF</Pressed>
                    </ForeColorState>
                </CloseButton>
            </VisualControlBox>
            <VisualForm>
                <Background>#2D882D</Background>
                <WindowBar>#FFFAF9F9</WindowBar>
            </VisualForm>
            <VisualRadialProgress>
                <ForeCircle>#FFDCDCDC</ForeCircle>
                <BackCircle>#FFDCDCDC</BackCircle>
            </VisualRadialProgress>
            <VisualScrollBar>
                <Bar>
                    <Disabled>#FFEAEAEA</Disabled>
                    <Enabled>#FFEAEAEA</Enabled>
                </Bar>
                <Button>
                    <Disabled>#FFDDDDDD</Disabled>
                    <Enabled>#FFDDDDDD</Enabled>
                    <Hover>#FF111111</Hover>
                    <Pressed>#FF111111</Pressed>
                </Button>
                <Thumb>
                    <Disabled>#FFDDDDDD</Disabled>
                    <Enabled>#FFDDDDDD</Enabled>
                    <Hover>#FF111111</Hover>
                    <Pressed>#FF111111</Pressed>
                </Thumb>
            </VisualScrollBar>
            <VisualRating>
                <Star>#FFFF00</Star>
                <Border>#FFD700</Border>
                <Dull>#C0C0C0</Dull>
                <DullBorder>#808080</DullBorder>
            </VisualRating>
            <VisualSeparator>
                <Line>#E0DEDC</Line>
                <Shadow>#FAF9F9</Shadow>
            </VisualSeparator>
        </Toolkit>
    </StyleTable>
</VisualPlus-Theme>