﻿<?xml version="1.0" encoding="utf-8"?>

<VisualPlus-Theme>
    <Information>
        <Name>Visual</Name>
        <Author>DarkByte7</Author>
    </Information>
    <StyleTable>
        <Shared>
            <Border>
                <Normal>#B4B4B4</Normal>
                <Hover>#78B7E6</Hover>
            </Border>
            <ColumnHeader>
                <Header>#F3F3F3</Header>
                <Text>#000000</Text>
            </ColumnHeader>
            <Control>
                <Enabled>#F1F4F9</Enabled>
                <Disabled>#DCDCDC</Disabled>
            </Control>
            <Element>
                <Disabled>#777776</Disabled>
                <Enabled>#777776</Enabled>
            </Element>
            <Text>
                <Disabled>#838181</Disabled>
                <Enabled>#000000</Enabled>
                <Hover>#000000</Hover>
                <Pressed>#000000</Pressed>
                <Selected>#D9DCE3</Selected>
                <Subscript>#BC1708</Subscript>
                <Superscript>#0924BC</Superscript>
                <TextLight>#808080</TextLight>
            </Text>
            <ListItem>
                <Normal>#F1F4F9</Normal>
                <Hover>#78B7E6</Hover>
                <Selected>#78B7E6</Selected>
                <Alternate>#FFC40D</Alternate>
            </ListItem>
            <Hatch>
                <BackColor>#000000</BackColor>
                <ForeColor>#000000</ForeColor>
            </Hatch>
            <ProgressBar>
                <Background>#E0DEDC</Background>
                <Working>#2D882D</Working>
                <Disabled>#838181</Disabled>
            </ProgressBar>
            <TabPage>
                <Enabled>#373D49</Enabled>
                <Disabled>#373D49</Disabled>
                <Selected>#464C58</Selected>
                <Hover>#232426</Hover>
            </TabPage>
            <Watermark>
                <Active>#808080</Active>
                <Inactive>#D3D3D3</Inactive>
            </Watermark>
        </Shared>
        <Toolkit>
            <VisualButton>
                <Enabled>#DCDCDC</Enabled>
                <Disabled>#E0E0E0</Disabled>
                <Hover>#E0E0E0</Hover>
                <Pressed>#C0C0C0</Pressed>
            </VisualButton>
            <VisualComboBox>
                <Enabled>#E2E2E2</Enabled>
                <Disabled>#F3F3F3</Disabled>
            </VisualComboBox>
            <VisualControlBox>
                <HelpButton>
                    <BackColorState>
                        <Disabled>#00FFFFFF</Disabled>
                        <Enabled>#00FFFFFF</Enabled>
                        <Hover>#BEBABA</Hover>
                        <Pressed>#696969</Pressed>
                    </BackColorState>
                    <ForeColorState>
                        <Disabled>#696969</Disabled>
                        <Enabled>#808080</Enabled>
                        <Hover>#808080</Hover>
                        <Pressed>#808080</Pressed>
                    </ForeColorState>
                </HelpButton>
                <MinimizeButton>
                    <BackColorState>
                        <Disabled>#00FFFFFF</Disabled>
                        <Enabled>#00FFFFFF</Enabled>
                        <Hover>#BEBABA</Hover>
                        <Pressed>#696969</Pressed>
                    </BackColorState>
                    <ForeColorState>
                        <Disabled>#696969</Disabled>
                        <Enabled>#808080</Enabled>
                        <Hover>#808080</Hover>
                        <Pressed>#808080</Pressed>
                    </ForeColorState>
                </MinimizeButton>
                <MaximizeButton>
                    <BackColorState>
                        <Disabled>#00FFFFFF</Disabled>
                        <Enabled>#00FFFFFF</Enabled>
                        <Hover>#BEBABA</Hover>
                        <Pressed>#696969</Pressed>
                    </BackColorState>
                    <ForeColorState>
                        <Disabled>#696969</Disabled>
                        <Enabled>#808080</Enabled>
                        <Hover>#808080</Hover>
                        <Pressed>#808080</Pressed>
                    </ForeColorState>
                </MaximizeButton>
                <CloseButton>
                    <BackColorState>
                        <Disabled>#00FFFFFF</Disabled>
                        <Enabled>#00FFFFFF</Enabled>
                        <Hover>#E81123</Hover>
                        <Pressed>#F1707A</Pressed>
                    </BackColorState>
                    <ForeColorState>
                        <Disabled>#696969</Disabled>
                        <Enabled>#696969</Enabled>
                        <Hover>#FFFFFF</Hover>
                        <Pressed>#FFFFFF</Pressed>
                    </ForeColorState>
                </CloseButton>
            </VisualControlBox>
            <VisualForm>
                <Background>#F1F4F9</Background>
                <WindowBar>#FFDCDCDC</WindowBar>
            </VisualForm>
            <VisualRadialProgress>
                <BackCircle>#DCDCDC</BackCircle>
                <ForeCircle>#DCDCDC</ForeCircle>
            </VisualRadialProgress>
            <VisualScrollBar>
                <Bar>
                    <Disabled>#FFCCCCCC</Disabled>
                    <Enabled>#FFDCDCDC</Enabled>
                </Bar>
                <Button>
                    <Disabled>#FFE0E0E0</Disabled>
                    <Enabled>#FFDCDCDC</Enabled>
                    <Hover>#FFE0E0E0</Hover>
                    <Pressed>#FFC0C0C0</Pressed>
                </Button>
                <Thumb>
                    <Disabled>#FFDDDDDD</Disabled>
                    <Enabled>#FFDDDDDD</Enabled>
                    <Hover>#FFE0E0E0</Hover>
                    <Pressed>#FFC0C0C0</Pressed>
                </Thumb>
            </VisualScrollBar>
            <VisualRating>
                <Star>#FFFF00</Star>
                <Border>#FFD700</Border>
                <Dull>#C0C0C0</Dull>
                <DullBorder>#808080</DullBorder>
            </VisualRating>
            <VisualSeparator>
                <Line>#E0DEDC</Line>
                <Shadow>#FAF9F9</Shadow>
            </VisualSeparator>
        </Toolkit>
    </StyleTable>
</VisualPlus-Theme>